<?xml version="1.0"?>
<!--<!DOCTYPE metadata SYSTEM "http://www.esri.com/metadata/esriprof80.dtd">-->
<metadata xml:lang="en"><Esri><CreaDate>20061013</CreaDate><CreaTime>15295000</CreaTime><SyncOnce>TRUE</SyncOnce><MetaID>{FF151628-9751-46AA-90CF-CFFC7F4C5ACC}</MetaID></Esri><idinfo><citation><citeinfo><onlink Sync="TRUE">\\INVERLOCH\D$\temp\adrianm\plots\v2\MF_GO_plots_V2_gcs_gda94_points</onlink></citeinfo></citation></idinfo><distInfo><distributor><distorTran><onLineSrc><linkage Sync="TRUE">file://\\INVERLOCH\D$\temp\adrianm\plots\v2\MF_GO_plots_V2_gcs_gda94_points</linkage><protocol Sync="TRUE">Local Area Network</protocol></onLineSrc></distorTran></distributor></distInfo><dataqual><lineage><procstep><procdesc Sync="TRUE">Dataset copied.</procdesc><srcused Sync="TRUE">D:\temp\adrianm\plots\MF_GO_plots_V2_gcs_gda94_points</srcused><date Sync="TRUE">20061013</date><time Sync="TRUE">15295000</time></procstep></lineage></dataqual></metadata>
