<?xml version="1.0"?>
<!--<!DOCTYPE metadata SYSTEM "http://www.esri.com/metadata/esriprof80.dtd">-->
<metadata xml:lang="en"><Esri><CreaDate>20070704</CreaDate><CreaTime>12005700</CreaTime><SyncOnce>TRUE</SyncOnce><MetaID>{AEE7CC10-A91B-48C1-8401-8DB5ABF747CD}</MetaID></Esri><idinfo><citation><citeinfo><onlink Sync="TRUE">\\cres30\adrianm\scr\Plots and Sites\Sites</onlink></citeinfo></citation></idinfo><distInfo><distributor><distorTran><onLineSrc><linkage Sync="TRUE">file://\\cres30\adrianm\scr\Plots and Sites\Sites</linkage><protocol Sync="TRUE">Local Area Network</protocol></onLineSrc></distorTran></distributor></distInfo><dataqual><lineage><procstep><procdesc Sync="TRUE">Dataset copied.</procdesc><srcused Sync="TRUE">H:\extra\Gooro_Mulligans_data\GIS\MF_GO_plots_V2</srcused><date Sync="TRUE">20070704</date><time Sync="TRUE">12005700</time></procstep><procstep><procdesc Sync="TRUE">Dataset moved.</procdesc><srcused Sync="TRUE">N:\scr\Sites</srcused><date Sync="TRUE">20070704</date><time Sync="TRUE">12120200</time></procstep></lineage></dataqual></metadata>
