<?xml version="1.0"?>
<!--<!DOCTYPE metadata SYSTEM "http://www.esri.com/metadata/esriprof80.dtd">-->
<metadata xml:lang="en"><Esri><CreaDate>20061012</CreaDate><CreaTime>12270900</CreaTime><SyncOnce>TRUE</SyncOnce><DataProperties><lineage><Process Name="Merge_6" ToolSource="C:\Program Files\ArcGIS\ArcToolbox\Toolboxes\Data Management Tools.tbx\Merge" Date="20061010" Time="144144">Merge join1;join2 D:\temp\adrianm\plots\MF_GO_plot_merge.shp "FID_1 FID_1 true false false 9 Long 0 9 ,First,#,join1,FID_1,-1,-1,join2,FID_1,-1,-1;xp1 xp1 true false false 19 Double 11 18 ,First,#,join1,xp1,-1,-1;yp1 yp1 true false false 19 Double 11 18 ,First,#,join1,yp1,-1,-1;FID_2 FID_2 true false false 9 Long 0 9 ,First,#,join1,FID_2,-1,-1,join2,FID_2,-1,-1;Id Id true false false 6 Long 0 6 ,First,#,join1,Id,-1,-1,join2,Id,-1,-1;area area true false false 19 Double 11 18 ,First,#,join1,area,-1,-1,join2,area,-1,-1;area_dbl area_dbl true false false 19 Double 11 18 ,First,#,join1,area_dbl,-1,-1,join2,area_dbl,-1,-1;area_calc area_calc true false false 19 Double 11 18 ,First,#,join1,area_calc,-1,-1,join2,area_calc,-1,-1;Poly_code Poly_code true false false 50 Text 0 0 ,First,#,join1,Poly_code,-1,-1,join2,Poly_code,-1,-1;Plot_ID Plot_ID true false false 50 Text 0 0 ,First,#,join1,Plot_ID,-1,-1,join2,Plot_ID,-1,-1;Poly_num Poly_num true false false 50 Text 0 0 ,First,#,join1,Poly_num,-1,-1,join2,Poly_num,-1,-1;Plot_num Plot_num true false false 4 Short 0 4 ,First,#,join1,Plot_num,-1,-1,join2,Plot_num,-1,-1;xp2 xp2 true false false 19 Double 11 18 ,First,#,join2,xp2,-1,-1;yp2 yp2 true false false 19 Double 11 18 ,First,#,join2,yp2,-1,-1"</Process><Process Name="Project_5" ToolSource="E:\Program Files\ArcGIS\ArcToolbox\Toolboxes\Data Management Tools.tbx\Project" Date="20061012" Time="122710">Project H:\t31\my_documents\MULLIGANS-GOOROOYARROO\site_selection\MFGO\MF_GO_plot_merge.shp H:\t31\my_documents\MULLIGANS-GOOROOYARROO\site_selection\MFGO\MF_GO_plot_merge_Project.shp GEOGCS['GCS_GDA_1994',DATUM['D_GDA_1994',SPHEROID['GRS_1980',6378137.0,298.257222101]],PRIMEM['Greenwich',0.0],UNIT['Degree',0.0174532925199433]] #</Process><Process Name="AddXY_6" ToolSource="E:\Program Files\ArcGIS\ArcToolbox\Toolboxes\Data Management Tools.tbx\AddXY" Date="20061012" Time="122743">AddXY H:\t31\my_documents\MULLIGANS-GOOROOYARROO\site_selection\MFGO\MF_GO_plot_merge_Project.shp H:\t31\my_documents\MULLIGANS-GOOROOYARROO\site_selection\MFGO\MF_GO_plot_merge_Project.shp</Process></lineage></DataProperties><MetaID>{F7BC60D3-47DF-43E9-B63F-62381C6E7829}</MetaID></Esri><idinfo><citation><citeinfo><onlink Sync="TRUE"></onlink></citeinfo></citation></idinfo><distInfo><distributor><distorTran><onLineSrc><linkage Sync="TRUE">file://</linkage><protocol Sync="TRUE">Local Area Network</protocol></onLineSrc></distorTran></distributor></distInfo><dataqual><lineage><procstep><procdesc Sync="TRUE">Dataset copied.</procdesc><srcused Sync="TRUE"></srcused><date Sync="TRUE">20061012</date><time Sync="TRUE">12271000</time></procstep></lineage></dataqual></metadata>
